"Rank","Country","UCI Team","Rider ID","Rider Name","Price","Score 2012","Score 2013"
1,"SVK","CAN",857,"Peter Sagan",32,2556,3580
2,"ITA","AST",29,"Vincenzo Nibali",24,1530,3003
3,"ESP","MOV",2,"Alejandro Valverde",30,1931,2808
4,"GBR","SKY",245,"Chris Froome",24,1612,2541
5,"ESP","KAT",36,"Joaquim Rodriguez",34,3837,2520
6,"SUI","RLT",3,"Fabian Cancellara",26,1305,2155
7,"GBR","OPQ",4,"Mark Cavendish",26,1330,1906
8,"POR","MOV",76,"Rui Costa",22,1332,1760
9,"COL","MOV",1105,"Nairo Quintana",14,586,1650
10,"FRA","OPQ",31,"Sylvain Chavanel",16,1055,1585
11,"ESP","KAT",90,"Daniel Moreno",14,900,1450
12,"USA","RLT",130,"Chris Horner",4,393,1440
13,"BEL","BMC",96,"Greg Van Avermaet",18,1200,1390
14,"IRL","GRS",43,"Daniel Martin",12,610,1363
15,"NED","BLA",301,"Bauke Mollema",14,877,1290
16,"GER","LTB",16,"André Greipel",20,1175,1284
17,"AUS","SKY",815,"Richie Porte",6,317,1279
18,"GER","ARG",1207,"John Degenkolb",26,1930,1235
19,"NOR","KAT",682,"Alexander Kristoff",12,587,1210
20,"COL","ALM",1073,"Carlos Betancur",10,415,1180
21,"GER","OPQ",28,"Tony Martin",24,1515,1175
22,"GER","ARG",1186,"Marcel Kittel",12,606,1150
23,"POL","OPQ",1179,"Michal Kwiatkowski",8,359,1084
24,"POL","TST",1271,"Rafal Majka",2,55,1053
25,"ITA","LAM",923,"Diego Ulissi",8,440,1016
26,"ITA","LAM",71,"Michele Scarponi",8,765,1002
27,"BEL","BMC",6,"Philippe Gilbert",32,1084,995
28,"CZE","TST",19,"Roman Kreuziger",14,791,974
29,"IRL","TST",153,"Nicholas Roche",6,310,969
30,"FRA","FDJ",1322,"Arnaud Démare",14,700,922
31,"COL","SKY",1298,"Sergio Henao",18,1177,908
32,"ESP","TST",1,"Alberto Contador",32,1560,904
33,"USA","BMC",929,"Tejay van Garderen",26,1365,875
34,"NED","OPQ",94,"Niki Terpstra",20,1260,818
35,"ITA","ALM",334,"Domenico Pozzovivo",14,842,790
35,"AUS","IAM",17,"Heinrich Haussler",10,580,790
37,"ITA","KAT",53,"Luca Paolini",14,985,779
38,"GBR","SKY",30,"Bradley Wiggins",30,2630,764
39,"USA","GRS",1147,"Andrew Talansky",12,712,752
40,"ITA","CAN",951,"Elia Viviani",10,270,711
41,"SLO","KAT",890,"Simon Spilak",4,207,695
42,"ITA","AST",250,"Enrico Gasparotto",10,592,690
43,"COL","SKY",373,"Rigoberto Uran",22,1332,685
44,"BEL","RLT",181,"Jan Bakelants",1,45,680
45,"CZE","OPQ",1174,"Zdeněk Štybar",8,295,670
46,"ESP","MOV",639,"Beñat Intxausti",6,251,660
47,"BEL","LTB",154,"Jürgen Roelandts",14,731,647
47,"EST","AST",1006,"Tanel Kangert",6,299,647
49,"NED","BLA",15,"Robert Gesink",12,692,630
49,"GER","MTN",60,"Gerald Ciolek",2,120,630
51,"AUS","BMC",5,"Cadel Evans",18,825,627
52,"ITA","LAM",21,"Filippo Pozzato",12,700,610
53,"ITA","VIN",860,"Mauro Santambrogio",8,470,607
54,"FRA","FDJ",808,"Thibaut Pinot",14,405,605
55,"ESP","EUS",9,"Samuel Sanchez",20,1291,595
55,"USA","GRS",14,"Tyler Farrar",12,383,595
57,"FRA","FDJ",1257,"Nacer Bouhanni",10,400,571
58,"DEN","AST",40,"Jakob Fuglsang",12,630,556
59,"USA","BMC",1074,"Taylor Phinney",22,1243,552
60,"ITA","AND",20,"Franco Pellizotti",8,440,550
61,"POL","LAM",984,"Przemyslaw Niemiec",2,90,547
62,"SUI","BMC",572,"Mathias Frank",1,38,540
63,"NED","BLA",1274,"Wilco Kelderman",8,230,536
64,"NOR","BMC",8,"Thor Hushovd",14,60,512
65,"NED","BLA",74,"Lars Boom",18,1047,502
65,"AUS","OGE",26,"Simon Gerrans",16,1045,502
67,"GBR","SKY",913,"Geraint Thomas",8,166,500
68,"NOR","SKY",7,"Edvald Boasson Hagen",26,1535,487
69,"FRA","ALM",228,"Samuel Dumoulin",4,185,485
70,"SLO","AST",47,"Borut Bozic",8,395,480
70,"DEN","TST",25,"Matti Breschel",8,390,480
72,"CZE","TNE",1067,"Jan Barta",10,605,470
72,"FRA","EUC",922,"Sebastien Turgot",10,530,470
74,"BEL","OPQ",742,"Gianni Meersman",6,320,464
75,"ITA","RLT",1161,"Giacomo Nizzolo",12,630,460
75,"FRA","FDJ",949,"Arthur Vichot",2,80,460
75,"ESP","COF",309,"Daniel Navarro",2,75,460
75,"NED","OGE",171,"Pieter Weening",1,10,460
79,"ITA","CAN",1389,"Moreno Moser",14,699,455
80,"BEL","OPQ",716,"Nikolas Maes",1,0,450
81,"ESP","VCD",63,"Juan Antonio Flecha",12,657,438
82,"FRA","EUC",99,"Thomas Voeckler",24,1455,435
82,"DEN","TST",761,"Michael Mørkøv",2,129,435
84,"UKR","AST",259,"Andriy Grivko",8,408,431
84,"ITA","LAM",719,"Adriano Malori",2,180,431
84,"FRA","ALM",339,"Christophe Riblon",1,40,431
87,"ITA","ALM",68,"Rinaldo Nocentini",12,635,430
87,"BEL","BLA",940,"Sep Vanmarcke",12,510,430
89,"RSA","OGE",638,"Daryl Impey",2,75,426
90,"ITA","AST",813,"Simone Ponzi",4,42,425
90,"BEL","OPQ",938,"Stijn Vandenbergh",1,5,425
92,"FRA","FDJ",277,"Matthieu Ladagnous",6,310,420
93,"ESP","MOV",155,"Jose Joaquin Rojas",4,122,415
93,"NED","OGE",83,"Sebastian Langeveld",2,91,415
95,"KAZ","AST",81,"Maxim Iglinskiy",12,665,405
95,"SUI","IAM",117,"Martin Elmiger",1,10,405
97,"GBR","SKY",894,"Ian Stannard",2,125,402
98,"AUS","OGE",972,"Michael Matthews",8,255,400
98,"BEL","LTB",219,"Kenny Dehaes",1,30,400
100,"BLR","SKY",276,"Vasil Kiryienka",8,475,396
101,"BEL","OPQ",939,"Kristof Vandewalle",2,205,385
102,"ITA","BMC",789,"Daniel Oss",2,125,380
103,"NED","ARG",1275,"Tom Dumoulin",2,75,373
104,"FRA","EUC",587,"Damien Gaudin",1,60,371
105,"CAN","GRS",64,"Ryder Hesjedal",18,1231,365
106,"ESP","EUS",178,"Igor Anton",8,400,360
107,"BEL","VCD",143,"Björn Leukemans",12,360,355
108,"ITA","KAT",478,"Giampaolo Caruso",1,0,354
109,"DEN","TST",92,"Chris Anker Sørensen",8,375,350
109,"GER","ARG",253,"Simon Geschke",4,150,350
109,"CZE","TNE",1068,"Leopold König",2,115,350
109,"FRA","ALM",1399,"Romain Bardet",1,15,350
109,"ITA","CJR",1344,"Francesco Lasca",1,0,350
114,"USA","GRS",214,"Tom Danielson",4,285,345
115,"ITA","MOV",98,"Giovanni Visconti",10,545,340
116,"BEL","TSV",935,"Michael Van Staeyen",2,135,335
117,"ESP","EUS",776,"Mikel Nieve",6,345,330
117,"FRA","RLT",581,"Tony Gallopin",6,280,330
117,"COL","JSH",2740,"Janier Acevedo",1,0,330
120,"ITA","BMC",69,"Marco Pinotti",8,483,325
121,"SWE","IAM",66,"Gustav Erik Larsson",4,222,310
121,"ESP","EUS",1138,"Ion Izagirre",2,183,310
121,"BLR","SKY",160,"Kanstantsin Siutsou",2,60,310
124,"ITA","VIN",251,"Oscar Gatto",6,310,305
125,"ESP","MOV",946,"Francisco Ventoso",6,320,290
125,"FRA","ALM",323,"Jean-Christophe Peraud",4,160,290
125,"ITA","BAR",2652,"Francesco Bongiorno",1,0,290
128,"NED","VCD",387,"Lieuwe Westra",16,836,288
129,"BEL","OPQ",1211,"Pieter Serry",4,210,287
130,"AUT","GMS",2352,"Riccardo Zoidl",1,60,285
130,"ITA","BMC",861,"Ivan Santaromita",1,10,285
130,"LUX","RLT",2675,"Bob Jungels",2,0,285
130,"SLO","ARG",2657,"Luka Mezgec",1,0,285
134,"AUS","TST",70,"Michael Rogers",14,840,284
135,"CRO","RLT",666,"Robert Kiserlovski",6,320,280
135,"AUT","SKY",115,"Bernhard Eisel",4,180,280
135,"GRE","EUS",1039,"Ioannis Tamouridis",2,100,280
135,"ITA","XYZ",2772,"David Villella",1,0,280
139,"ESP","SKY",705,"David Lopez",2,80,272
140,"FRA","EUC",849,"Pierre Rolland",8,395,265
140,"ESP","CJR",101,"David Arroyo",1,0,265
142,"ESP","BLA",45,"Luis Leon Sanchez",14,821,260
142,"FRA","ARG",2672,"Warren Barguil",2,0,260
144,"AUS","GRS",2637,"Rohan Dennis",2,0,251
145,"ESP","MOV",1166,"Jesus Herrada",1,0,250
146,"ESP","MOV",266,"Jose Herrada",1,30,247
147,"ESP","EUS",374,"Pablo Urtasun",2,220,245
147,"AUS","SKY",126,"Mathew Hayman",10,175,245
147,"JPN","EUC",179,"Yukiya Arashiro",2,170,245
147,"KAZ","AST",232,"Alexandr Dyachenko",4,168,245
147,"ITA","BAR",809,"Stefano Pirazzi",2,102,245
152,"LAT","IAM",865,"Aleksejs Saramotins",2,140,240
153,"NOR","BLA",778,"Lars Nordhaug",12,500,235
154,"ITA","CAN",24,"Ivan Basso",6,360,230
154,"BEL","AST",91,"Kevin Seeldraeyers",1,11,230
154,"ESP","5HR",720,"Francisco Mancebo",1,0,230
157,"SVK","OPQ",72,"Peter Velits",6,235,225
157,"GER","BLA",144,"Paul Martens",2,75,225
157,"BEL","LTB",1262,"Jens Debusschere",1,0,225
160,"AUS","BLA",338,"Mark Renshaw",8,410,221
161,"AUT","IAM",193,"Matthias Brändle",1,50,220
161,"BEL","CRE",529,"Sébastien Delfosse",1,0,220
163,"SUI","OGE",73,"Michael Albasini",14,706,216
164,"BEL","TSV",1168,"Sven Vandousselaere",1,20,215
165,"ARG","LAM",2317,"Maximiliano Richeze",1,50,211
166,"GER","GRS",56,"Fabian Wegmann",8,365,210
166,"ESP","MOV",149,"Ruben Plaza",1,0,210
168,"ITA","TST",39,"Daniele Bennati",10,615,204
169,"NED","VCD",97,"Kenny van Hummel",8,390,200
169,"FRA","ALM",453,"Maxime Bouet",1,15,200
169,"ITA","VIN",240,"Mauro Finetto",1,0,200
169,"DEN","TTF",1289,"Rasmus Quaade",1,0,200
169,"ITA","BAR",2650,"Edoardo Zardini",1,0,200
174,"GBR","MOV",1190,"Alex Dowsett",4,275,195
174,"NED","BLA",1176,"Tom Jelte Slagter",4,140,195
174,"ITA","CAN",830,"Daniele Ratto",1,0,195
177,"AUS","OGE",493,"Simon Clarke",6,330,191
178,"LTU","GRS",1148,"Ramunas Navardauskas",10,358,190
178,"AUS","TST",1365,"Jonathan Cantwell",1,30,190
178,"BEL","RLT",49,"Stijn Devolder",1,30,190
178,"FRA","FDJ",1084,"Johan Le Bon",1,0,190
182,"ESP","MOV",480,"Jonathan Castroviejo",8,401,185
182,"ITA","CCC",1296,"Davide Rebellin",1,10,185
184,"BEL","OGE",661,"Jens Keukeleire",4,220,180
184,"NED","VCD",1325,"Barry Markus",1,15,180
186,"ITA","AST",1342,"Fabio Aru",1,20,177
187,"FRA","BSE",990,"Florian Vachon",2,140,175
188,"RUS","KAT",418,"Maxim Belkov",1,2,173
189,"NED","BLA",190,"Theo Bos",10,500,170
189,"ITA","BAR",752,"Sacha Modolo",4,245,170
189,"ESP","EUS",1139,"Mikel Landa",2,125,170
189,"ESP","EUS",1054,"Juan Jose Lobato",1,0,170
193,"FRA","COF",1124,"Nicolas Edet",1,10,165
193,"ITA","BAR",1265,"Andrea Pasqualon",1,0,165
195,"SWE","ARG",1412,"Tobias Ludvigsson",1,0,162
196,"RUS","KAT",18,"Alexandr Kolobnev",8,380,160
196,"FRA","SOJ",129,"Jonathan Hivert",4,260,160
196,"GER","RLT",51,"Andreas Klöden",4,250,160
196,"CRC","MOV",395,"Andrey Amador",4,215,160
196,"ITA","AST",1267,"Andrea Guardini",4,80,160
196,"ITA","VCD",876,"Mirko Selvaggi",1,0,160
202,"ITA","LAM",13,"Damiano Cunego",16,925,155
202,"FRA","FDJ",763,"Francis Mourey",1,0,155
204,"SUI","BMC",870,"Michael Schär",1,0,152
205,"DEN","LTB",57,"Lars Ytting Bak",4,196,151
206,"BEL","BLA",963,"Maarten Wynants",6,270,150
206,"EST","COF",54,"Rein Taaramäe",8,155,150
206,"COL","COL",1097,"Darwin Atapuma",2,90,150
206,"NED","ARG",1395,"Ramon Sinkeldam",1,40,150
206,"RUS","KAT",1316,"Alexei Tsatevich",1,20,150
211,"USA","RLT",460,"Matthew Busche",2,100,145
211,"BEL","TSV",643,"Pieter Jacobs",1,40,145
211,"POR","CJR",198,"Andre Cardoso",1,0,145
214,"FRA","FDJ",591,"Alexandre Geniez",4,20,140
214,"GBR","XYZ",2766,"Simon Yates",1,0,140
216,"RUS","VCD",278,"Sergey Lagutin",8,425,138
217,"RSA","ARG",2256,"Reinardt Janse van Rensburg",2,100,137
218,"ITA","LAM",239,"Roberto Ferrari",6,155,136
219,"POL","CAN",188,"Maciej Bodnar",4,250,135
219,"RUS","KAT",986,"Sergey Chernetskiy",2,70,135
219,"DEN","CAN",378,"Brian Bach Vandborg",1,0,135
222,"BEL","OPQ",11,"Tom Boonen",26,2007,130
222,"NED","BLA",367,"Laurens ten Dam",6,305,130
222,"ITA","BAR",1303,"Enrico Battaglin",2,100,130
222,"FRA","FDJ",647,"Arnold Jeannesson",2,80,130
222,"FRA","EUC",588,"Cyril Gautier",1,20,130
222,"FRA","FDJ",312,"Yoann Offredo",8,0,130
228,"RUS","KAT",1150,"Alexander Porsev",2,100,128
229,"AUS","OGE",122,"Matthew Goss",14,831,126
229,"ITA","AST",79,"Francesco Gavazzi",6,275,126
229,"CRO","ADR",1020,"Radoslav Rogina",1,0,126
232,"AUS","OGE",1377,"Luke Durbridge",12,374,125
232,"ITA","ALM",420,"Manuel Belletti",6,265,125
232,"GER","BMC",773,"Dominik Nerz",2,130,125
232,"UKR","RLT",331,"Yaroslav Popovych",1,30,125
232,"AUS","OGE",693,"Brett Lancaster",1,0,125
232,"ITA","EUC",291,"Davide Malacarne",1,0,125
232,"BEL","CRE",810,"Baptiste Planckaert",1,0,125
232,"TUR","KTS",2735,"Mustafa Sayar",1,0,125
240,"RUS","KAT",369,"Yury Trofimov",1,60,124
241,"AUS","OGE",747,"Cameron Meyer",8,213,122
242,"SLO","EUS",2302,"Robert Vrecer",2,210,120
242,"POL","OPQ",604,"Michal Golas",4,192,120
242,"NED","VCD",1230,"Boy van Poppel",2,150,120
242,"ITA","IAM",412,"Marco Bandiera",1,20,120
242,"FRA","SOJ",116,"Julien El Fares",1,0,120
247,"RUS","KAT",641,"Vladimir Isaychev",1,40,118
248,"NED","BLA",928,"Jos van Emden",2,0,116
249,"BEL","RLT",89,"Maxime Monfort",6,270,115
249,"POL","TNE",270,"Bartosz Huzarski",2,215,115
249,"RUS","CEF",853,"Ivan Rovny",1,20,115
249,"FRA","EUC",2692,"Bryan Coquard",2,0,115
253,"ITA","OPQ",1385,"Matteo Trentin",2,60,110
253,"AUT","ARG",1350,"Georg Preidler",1,50,110
253,"FRA","ALM",658,"Blel Kadri",1,40,110
253,"ITA","BAR",1317,"Andrea Di Corrado",1,25,110
253,"ITA","AND",589,"Mattia Gavazzi",2,0,110
258,"LUX","AJW",1248,"Jempy Drucker",1,0,105
258,"AUS","GRS",2680,"Lachlan Morton",1,0,105
258,"NED","VCD",2697,"Danny van Poppel",1,0,105
261,"CRO","LAM",2616,"Kristijan Durasek",1,0,102
262,"CAN","OGE",164,"Svein Tuft",8,447,101
263,"NED","ARG",943,"Tom Veelers",6,295,100
263,"ITA","CAN",477,"Damiano Caruso",4,240,100
263,"LAT","KAT",886,"Gatis Smukulis",2,187,100
263,"ITA","AND",562,"Fabio Felline",2,170,100
263,"NED","VCD",41,"Johnny Hoogerland",6,145,100
263,"USA","ZZZ",843,"Fred Rodriguez",1,110,100
263,"IRL","CSS",1021,"Matthew Brammeier",2,100,100
263,"ITA","BAR",1405,"Sonny Colbrelli",2,70,100
263,"GER","KAT",1286,"Rüdiger Selig",2,70,100
263,"VEN","VCD",349,"Jose Rujano",4,60,100
263,"FRA","FDJ",121,"Anthony Geslin",2,60,100
263,"USA","GRS",897,"Peter Stetina",2,35,100
263,"LTU","OGE",375,"Tomas Vaitkus",1,35,100
263,"RUS","RVL",2343,"Ilnur Zakarin",1,2,100
263,"USA","OPT",2347,"Tom Zirbel",1,1,100
263,"CAN","CSS",1206,"Zachary Bell",1,0,100
263,"DEN","CUL",2756,"Magnus Cort Nielsen",1,0,100
263,"BEL","ARG",519,"Bert De Backer",1,0,100
263,"NED","CRE",625,"Reinier Honig",1,0,100
263,"LTU","MTN",138,"Ignatas Konovalovas",1,0,100
263,"UKR","KLS",677,"Denys Kostyuk",1,0,100
263,"FRA","LPM",2739,"Yannick Martinez",1,0,100
263,"KAZ","KTS",299,"Andrey Mizourov",1,0,100
263,"RSA","MTN",973,"Jay Robert Thomson",1,0,100
263,"FIN","FDJ",382,"Jussi Veikkanen",1,0,100
288,"ITA","MOV",472,"Eros Capecchi",6,260,97
289,"AUS","LTB",262,"Adam Hansen",1,6,96
290,"ITA","AJW",308,"Danilo Napolitano",2,100,95
290,"ITA","IAM",1145,"Matteo Pelucchi",1,40,95
290,"ERI","EUC",2658,"Natnael Berhane",1,0,95
293,"GER","BLA",956,"Robert Wagner",1,0,91
294,"FRA","FDJ",346,"Jérémy Roy",8,350,90
294,"ITA","AND",337,"Francesco Reda",2,245,90
294,"FRA","FDJ",169,"Benoît Vaugrenard",1,15,90
294,"ESP","EUS",2656,"Jon Aberasturi Izaga",1,0,90
298,"COL","AND",347,"Miguel Rubiano",8,425,85
298,"FRA","COF",1122,"Adrien Petit",2,80,85
298,"SUI","BMC",964,"Danilo Wyss",1,20,85
301,"ESP","KAT",385,"Angel Vicioso",1,20,84
302,"BEL","LTB",166,"Jurgen Van Den Broeck",12,665,82
303,"SUI","IAM",921,"Johann Tschopp",4,250,80
303,"FRA","VCD",78,"Romain Feillu",6,160,80
303,"GER","TNE",955,"Paul Voss",1,25,80
303,"IRL","SKT",2765,"Sam Bennett",1,0,80
303,"GER","BMC",59,"Marcus Burghardt",1,0,80
303,"FRA","FDJ",1372,"Kenny Elissonde",1,0,80
303,"ESP","COF",1112,"Egoitz Garcia",1,0,80
303,"USA","OPT",2730,"Ken Hanson",1,0,80
303,"ESP","CJR",372,"Amets Txurruka",1,0,80
312,"SLO","AST",58,"Janez Brajkovic",10,584,76
313,"BEL","VCD",520,"Thomas De Gendt",14,636,75
313,"NED","VCD",1242,"Pim Ligthart",2,70,75
313,"NED","ARG",513,"Roy Curvers",1,40,75
316,"NED","VCD",812,"Wout Poels",12,355,70
316,"FRA","FDJ",62,"Pierrick Fedrigo",6,320,70
316,"BEL","TSV",1210,"Laurens De Vreese",4,200,70
316,"FRA","FDJ",1085,"Laurent Pichon",4,170,70
316,"FRA","ALM",576,"John Gadret",6,160,70
316,"FRA","COF",816,"Stéphane Poulhiès",2,160,70
316,"BEL","VCD",447,"Kris Boeckmans",2,150,70
316,"ITA","AND",159,"Emanuele Sella",2,145,70
316,"NZL","GRS",1300,"Jack Bauer",4,140,70
316,"AUS","TST",997,"Rory Sutherland",1,65,70
316,"BEL","VCD",948,"Frederik Veuchelen",1,60,70
316,"BEL","TSV",1209,"Jelle Wallays",1,50,70
316,"SLO","VCD",189,"Grega Bole",6,40,70
316,"BEL","RLT",263,"Ben Hermans",2,40,70
316,"NED","VCD",2261,"Maurits Lammertink",1,40,70
316,"SUI","IAM",965,"Marcel Wyss",1,35,70
316,"ESP","EUK",2734,"Carlos Barbero Questa",1,0,70
316,"ESP","EUS",1114,"Garikoitz Bravo",1,0,70
316,"USA","BLS",2742,"Lawson Craddock",1,0,70
316,"SLO","RAR",2678,"Jan Polanc",1,0,70
316,"GER","LTB",357,"Marcel Sieberg",1,0,70
337,"RUS","KAT",271,"Mikhail Ignatiev",1,50,68
338,"ITA","SKY",1402,"Salvatore Puccio",1,10,66
339,"BEL","LTB",379,"Jelle Vanendert",10,560,60
339,"POL","VCD",725,"Tomasz Marczynski",8,406,60
339,"COL","COL",1144,"Fabio Duarte",8,380,60
339,"BEL","OPQ",223,"Dries Devenyns",4,145,60
339,"NED","GRS",680,"Michel Kreder",2,70,60
339,"FRA","BSE",1077,"Armindo Fonseca",1,50,60
339,"ESP","COF",737,"Luis Angel Mate",1,20,60
339,"DEN","TST",362,"Nicki Sørensen",1,20,60
339,"NED","OGE",307,"Jens Mouris",1,8,60
339,"FRA","ARG",1189,"Thomas Damuseau",1,0,60
339,"FRA","BSE",252,"Arnaud Gerard",1,0,60
339,"FRA","COF",991,"Romain Hardy",1,0,60
339,"AUS","OGE",1387,"Michael Hepburn",1,0,60
339,"FRA","SOJ",142,"Cyril Lemoine",1,0,60
339,"POL","CCC",739,"Bartlomiej Matysiak",1,0,60
339,"CAN","OGE",743,"Christian Meier",1,0,60
339,"SUI","IAM",2649,"Sebastien Reichenbach",1,0,60
339,"FRA","FDJ",157,"Anthony Roux",1,0,60
339,"ITA","CAN",858,"Cristiano Salerno",1,0,60
339,"NED","BLA",368,"Maarten Tjallingii",1,0,60
339,"NED","MMM",2749,"Wouter Wippert",1,0,60
339,"ITA","AND",2775,"Gianfranco Zilioli",1,0,60
361,"CAN","EUC",1135,"David Veilleux",2,100,58
362,"ITA","LAM",35,"Alessandro Petacchi",4,200,55
362,"NZL","RLT",1178,"Jesse Sergent",4,185,55
362,"GER","TNE",670,"Roger Kluge",2,104,55
362,"ESP","RLT",640,"Markel Irizar",1,20,55
362,"GER","ARG",2659,"Nikias Arndt",1,0,55
362,"FRA","BIG",851,"Stéphane Rossetto",1,0,55
368,"GBR","BMC",512,"Stephen Cummings",2,120,52
369,"BLR","ALM",133,"Yauheni Hutarovich",6,305,50
369,"KAZ","AST",1291,"Dmitriy Gruzdev",6,300,50
369,"ESP","MTN",793,"Sergio Pardilla",4,215,50
369,"RUS","KAT",1152,"Petr Ignatenko",2,140,50
369,"ESP","MOV",715,"Angel Madrazo",2,140,50
369,"RUS","LOK",2268,"Evgeny Shalunov",2,100,50
369,"GBR","GRS",146,"David Millar",2,80,50
369,"FRA","BIG",2319,"Steven Tronet",1,60,50
369,"GER","XYZ",1044,"Patrik Sinkewitz",1,50,50
369,"BEL","OPQ",274,"Iljo Keisse",1,25,50
369,"POR","RLT",784,"Nelson Oliveira",2,20,50
369,"ITA","BMC",150,"Manuel Quinziato",1,20,50
369,"ITA","CEF",406,"Filippo Baggio",1,0,50
369,"FRA","COF",1125,"Yoan Bagot",1,0,50
369,"ITA","BAR",2671,"Enrico Barbin",1,0,50
369,"FRA","ALM",448,"Guillaume Bonnafond",1,0,50
369,"ITA","AND",573,"Marco Frapporti",1,0,50
369,"NED","VCD",753,"Wouter Mol",1,0,50
369,"CRC","CSS",2762,"Gregory Juel Brenes Obando",1,0,50
369,"BEL","CRE",2643,"Stijn Steels",1,0,50
369,"BEL","BLS",2764,"Jasper Stuyven",1,0,50
369,"ITA","UNA",2761,"Marco Zamparella",1,0,50
369,"ITA","AND",2773,"Andrea Zordan",1,0,50
392,"ITA","SKY",201,"Dario Cataldo",8,387,48
392,"NED","VCD",1327,"Bert-Jan Lindeman",1,0,48
394,"ITA","AST",163,"Paolo Tiralongo",2,156,47
395,"ITA","TST",1185,"Manuele Boaro",2,48,45
395,"AUS","GRS",2326,"Steele Von Hoff",2,30,45
395,"BEL","CRE",942,"Maxime Vantomme",1,30,45
395,"NZL","RLT",344,"Hayden Roulston",1,5,45
395,"FRA","IAM",514,"Rémy Cusin",1,0,45
400,"SUI","RLT",336,"Grégory Rast",6,310,40
400,"GER","RLT",100,"Jens! Voigt",2,160,40
400,"CAN","ARG",1196,"Francois Parisien",1,100,40
400,"BUL","CJR",1018,"Danail Petrov",1,90,40
400,"ITA","CAN",1057,"Alessandro De Marchi",2,85,40
400,"FRA","IAM",268,"Sebastien Hinault",2,70,40
400,"DEN","GRS",827,"Alex Rasmussen",1,57,40
400,"ITA","AND",1061,"Omar Bertazzo",1,40,40
400,"ITA","TNE",1063,"Cesare Benedetti",1,15,40
400,"ITA","VIN",523,"Pierpaolo De Negri",1,0,40
400,"IRL","UHC",77,"Philip Deignan",1,0,40
400,"POL","CJR",1371,"Karol Domagalski",1,0,40
400,"SLO","TST",688,"Marko Kump",1,0,40
400,"FRA","ALM",2774,"Pierre Latour",1,0,40
400,"ESP","OFM",2732,"Eduard Prades",1,0,40
400,"ESP","EUS",1313,"Adrian Saez de Arregi",1,0,40
400,"FRA","COF",924,"Tristan Valentin",1,0,40
400,"BEL","TSV",2676,"Kenneth Vanbilsen",1,0,40
400,"ITA","AST",941,"Alessandro Vanotti",1,0,40
419,"RUS","KAT",683,"Timofey Kritskiy",1,0,38
420,"ITA","VIN",1254,"Danilo Di Luca",4,275,37
421,"ITA","AST",392,"Valerio Agnoli",1,50,36
422,"SLO","CAN",676,"Kristjan Koren",2,155,35
422,"SUI","BMC",673,"Martin Kohler",2,100,35
422,"COL","COL",1100,"Jarlinson Pantano",1,50,35
422,"ITA","LAM",492,"Davide Cimolai",1,0,35
422,"ITA","CAN",517,"Tiziano Dall\'Antonia",1,0,35
422,"GER","CAN",2660,"Michel Koch",1,0,35
428,"ESP","EUS",1304,"Mikel Astarloza",2,8,34
429,"NED","BLA",141,"Tom Leezer",1,0,31
430,"FRA","SOJ",884,"Julien Simon",8,375,30
430,"USA","GRS",174,"David Zabriskie",6,290,30
430,"USA","GRS",55,"Christian Vande Velde",4,261,30
430,"FRA","ALM",302,"Lloyd Mondory",6,250,30
430,"FRA","ALM",203,"Steve Chainel",2,130,30
430,"POR","RLT",290,"Tiago Machado",2,120,30
430,"ITA","AND",207,"Riccardo Chiarini",2,105,30
430,"BEL","OPQ",1173,"Julien Vermote",2,102,30
430,"CAN","CSS",1203,"Ryan Anderson",1,60,30
430,"NED","GRS",1397,"Raymond Kreder",1,50,30
430,"FRA","SOJ",646,"Fabrice Jeandesboz",1,40,30
430,"SLO","ADR",2254,"Matej Mugerli",1,40,30
430,"ESP","KAT",288,"Alberto Losada",1,35,30
430,"FRA","FDJ",1143,"Geoffrey Soupe",1,35,30
430,"NED","GRS",1255,"Thomas Dekker",2,20,30
430,"FRA","SOJ",988,"Maxime Mederel",1,20,30
430,"ESP","MOV",1164,"Enrique Sanz",1,20,30
430,"NZL","RLT",1351,"George Bennett",1,0,30
430,"FRA","FDJ",192,"David Boucher",1,0,30
430,"BEL","LTB",2763,"Stig Broeckx",1,0,30
430,"FRA","ALM",487,"Mikael Cherel",1,0,30
430,"USA","UHC",1200,"Lucas Euser",1,0,30
430,"EST","COF",2620,"Gert Joeaar",1,0,30
430,"FRA","ALM",298,"Sébastian Minard",1,0,30
430,"ITA","CEF",804,"Andrea Piechele",1,0,30
430,"SLO","SAK",165,"Tadej Valjavec",1,0,30
430,"BEL","LTB",2236,"Dennis Vanendert",1,0,30
430,"USA","OPT",2731,"Eric Young",1,0,30
458,"NED","BLA",111,"Stef Clement",2,100,26
459,"RUS","KAT",12,"Denis Menchov",6,300,25
459,"FRA","SOJ",235,"Jimmy Engoulvent",2,215,25
459,"COL","COL",230,"Leonardo Duque",2,210,25
459,"DEN","TST",1184,"Mads Christensen",4,200,25
459,"ITA","TST",919,"Matteo Tosatto",2,193,25
459,"LTU","OGE",1049,"Aidis Kruopis",2,100,25
459,"AUT","RLT",847,"Thomas Rohregger",1,50,25
459,"RUS","KAT",2666,"Anton Vorobyev",1,0,25
467,"RUS","KAT",1004,"Vladimir Gusev",4,225,24
468,"ITA","VIN",1258,"Matteo Rabottini",8,435,22
468,"ESP","SKY",389,"Xabier Zandio",1,2,22
470,"GBR","SKY",162,"Ben Swift",6,280,20
470,"FRA","COF",211,"Jérôme Coppel",6,195,20
470,"FRA","COF",696,"Guillaume Levarlet",2,195,20
470,"ESP","EUS",86,"Egoi Martinez",2,160,20
470,"LUX","RLT",534,"Laurent Didier",2,100,20
470,"FRA","SOJ",2321,"Fabien Schmidt",2,100,20
470,"AUT","TNE",977,"Daniel Schorn",1,95,20
470,"COL","CAN",866,"Cayetano Sarmiento",1,60,20
470,"BEL","OPQ",1171,"Guillaume Van Keirsbulck",1,50,20
470,"BLR","KAT",139,"Aleksandr Kuschynski",1,45,20
470,"ITA","LAM",306,"Manuele Mori",1,40,20
470,"NED","BLA",2356,"Moreno Hofland",1,30,20
470,"FRA","SOJ",528,"Anthony Delaplace",1,25,20
470,"AUS","SKY",93,"Chris Sutton",6,15,20
470,"DEN","VPC",2757,"Nicola Aistrup",1,0,20
470,"COL","4CO",2733,"Edson Calderon",1,0,20
470,"CZE","CCC",2703,"Josef Cerny",1,0,20
470,"GER","CSS",1384,"Mathias Friedmann",1,0,20
470,"FRA","ARG",636,"Thierry Hupond",1,0,20
470,"CRO","GMS",1016,"Matija Kvasina",1,0,20
470,"ITA","BAR",700,"Stefano Locatelli",1,0,20
470,"POL","CAN",794,"Maciej Paterski",1,0,20
470,"BEL","LTB",1170,"Fréderique Robert",1,0,20
470,"GER","TET",2744,"Jasha Sütterlin",1,0,20
470,"ESP","MOV",2614,"Eloy Teruel",1,0,20
495,"RUS","KAT",195,"Pavel Brutt",4,192,18
496,"NED","BLA",567,"Rick Flens",1,0,16
497,"ITA","VIN",498,"Daniele Colli",1,140,15
497,"NED","VCD",2360,"Wesley Kreder",2,100,15
497,"AUT","IAM",530,"Stefan Denifl",1,60,15
497,"ITA","ALM",398,"Davide Appollonio",1,10,15
497,"ITA","BAR",1126,"Angelo Pagani",1,2,15
497,"LUX","RLT",10,"Andy Schleck",16,0,15
497,"GBR","SKY",660,"Peter Kennaugh",2,0,15
497,"ITA","AND",2705,"Diego Rosa",1,0,15
497,"ITA","MTN",2665,"Kristian Sbaragli",1,0,15
497,"GBR","TNE",2721,"Scott Thwaites",1,0,15
497,"NED","RB3",2771,"Dylan van Baarle",1,0,15
508,"NZL","LTB",127,"Gregory Henderson",1,0,14
509,"GER","ARG",258,"Patrick Gretsch",1,4,12
510,"SWE","AST",136,"Fredrik Kessiakoff",14,875,11
511,"ESP","RLT",175,"Haimar Zubeldia",6,325,10
511,"ITA","VIN",208,"Francesco Chicchi",2,175,10
511,"AUS","OGE",631,"Leigh Howard",4,160,10
511,"RUS","RVL",1404,"Sergey Firsanov",2,152,10
511,"ITA","UHC",1214,"Alessandro Bazzana",1,70,10
511,"FRA","EUC",648,"Vincent Jerome",1,60,10
511,"ESP","EUS",642,"Gorka Izagirre",1,53,10
511,"FRA","OPQ",148,"Jérôme Pineau",2,50,10
511,"SWE","IAM",34,"Thomas Löfkvist",1,50,10
511,"USA","SKY",2314,"Joe Dombrowski",4,40,10
511,"ITA","CEF",2231,"Davide Mucelli",1,30,10
511,"RUS","RVL",315,"Artem Ovechkin",1,12,10
511,"AUS","OGE",536,"Mitchell Docker",2,0,10
511,"FRA","FDJ",106,"William Bonnet",1,0,10
511,"FRA","BIG",2738,"Benoit Drujon",1,0,10
511,"USA","OPT",2743,"Chad Haga",1,0,10
511,"GER","RLT",624,"Danilo Hondo",1,0,10
511,"FRA","COF",1055,"Romain Lemarchand",1,0,10
511,"ARG","CJR",1339,"Enzo Moyano",1,0,10
511,"ITA","AND",1321,"Antonio Parrinello",1,0,10
511,"USA","UHC",1222,"Kiel Reijnen",1,0,10
511,"COL","COL",1388,"Michael Rodriguez",1,0,10
511,"BEL","LTB",1272,"Jonas Van Genechten",1,0,10
511,"NED","MET",2748,"Brian van Goethem",1,0,10
511,"DEN","CUL",1414,"Troels Vinther",1,0,10
511,"BEL","VCD",2647,"Willem Wauters",1,0,10
537,"GER","SKY",137,"Christian Knees",2,90,8
538,"BEL","OPQ",217,"Kevin De Weert",2,45,7
539,"ITA","LAM",2719,"Luca Dodi",1,0,6
540,"BEL","GRS",168,"Johan Vansummeren",6,277,5
540,"GER","OPQ",123,"Bert Grabsch",4,150,5
540,"ESP","MOV",61,"Juan Jose Cobo",6,0,5
543,"ESP","EUS",384,"Gorka Verdugo",6,278,4
543,"GBR","SKY",1378,"Luke Rowe",1,40,4
543,"FRA","EUS",880,"Romain Sicard",1,30,4
543,"ESP","TST",264,"Jesus Hernandez",1,0,4
547,"ESP","MOV",305,"Javier Moreno",4,201,2
547,"POL","MOV",365,"Sylwester Szmyd",4,200,2
547,"BEL","LTB",1167,"Bart De Clercq",2,66,2
547,"ITA","VIN",906,"Fabio Taborre",1,40,2
547,"ITA","VIN",32,"Stefano Garzelli",2,30,2
547,"COL","LAM",356,"Jose Serpa",2,0,2
547,"NED","RB3",2779,"Jasper Bovenhuis",1,0,2
547,"ITA","LAM",1420,"Mattia Cattaneo",1,0,2
547,"NED","RB3",2782,"Lennard Hofstede",1,0,2
547,"NED","RB3",2780,"Martijn Tusveld",1,0,2
547,"GER","RB3",2781,"Ruben Zepuntke",1,0,2
558,"SLO","ADR",2777,"Kristjan Fajt",1,0,1
558,"SLO","ADR",2778,"Tomasz Nose",1,0,1
558,"SLO","ADR",2776,"Klemen Stimulak",1,0,1
561,"ITA","BMC",23,"Alessandro Ballan",2,1152,0
561,"ITA","VCD",292,"Marco Marcato",10,595,0
561,"AUS","OGE",48,"Allan Davis",8,440,0
561,"USA","XYZ",27,"Levi Leipheimer",1,345,0
561,"LUX","RLT",37,"Fränk Schleck",14,340,0
561,"ITA","OPQ",455,"Gianluca Brambilla",6,322,0
561,"GBR","SKY",1308,"Jonathan Tiernan-Locke",12,315,0
561,"FRA","EUC",327,"Alexandre Pichot",4,310,0
561,"ITA","LAM",561,"Elia Favilli",6,290,0
561,"NED","UHC",1011,"Marc de Maar",4,275,0
561,"NED","ARG",216,"Koen de Kort",4,270,0
561,"ERI","OGE",1270,"Daniel Teklehaimanot",4,240,0
561,"LTU","ALM",1294,"Gediminas Bagdonas",4,225,0
561,"RUS","EUS",1315,"Alexander Serebryakov",2,210,0
561,"AUS","OGE",311,"Stuart O\'Grady",2,208,0
561,"ESP","KAT",241,"Xavier Florencio",2,200,0
561,"CRO","XYZ",749,"Vladimir Miholjevic",2,200,0
561,"CAN","CSS",1204,"Ryan Roth",2,200,0
561,"FRA","COF",140,"Christophe Le Mevel",4,190,0
561,"SUI","TST",390,"Oliver Zaugg",4,180,0
561,"COL","COL",1101,"Esteban Chaves",2,175,0
561,"RUS","KAT",954,"Eduard Vorganov",2,175,0
561,"BEL","COF",594,"Jan Ghyselinck",2,160,0
561,"RSA","GRS",269,"Robbie Hunter",2,156,0
561,"KAZ","AST",184,"Assan Bazayev",2,155,0
561,"POR","CJR",474,"Manuel Cardoso",2,150,0
561,"SUI","BMC",757,"Steve Morabito",2,149,0
561,"GER","XYZ",80,"Linus Gerdemann",1,140,0
561,"FRA","ALM",229,"Hubert Dupont",2,135,0
561,"AUS","GRS",1391,"Nathan Haas",2,135,0
561,"BUL","XYZ",2270,"Ivailo Gabrovski",2,125,0
561,"USA","GRS",632,"Alex Howes",2,125,0
561,"SLO","UHC",1213,"Aldo Ino Ilesic",2,125,0
561,"ITA","ALM",754,"Matteo Montaguti",2,120,0
561,"CAN","CAN",1041,"Guillaume Boivin",1,120,0
561,"ARG","JSH",261,"Juan Jose Haedo",2,115,0
561,"BLR","XYZ",859,"Branislau Samoilau",2,110,0
561,"ITA","LAM",2258,"Andrea Palini",1,110,0
561,"BEL","AJW",464,"Steven Caethoven",2,100,0
561,"JPN","UKO",539,"Yukihiro Doi",2,100,0
561,"USA","TST",226,"Timothy Duggan",2,100,0
561,"LUX","ALM",586,"Ben Gastauer",2,100,0
561,"CZE","ADP",2301,"Milan Kadlec",2,100,0
561,"MDA","IAM",811,"Alexandre Pliuschin",2,100,0
561,"BRA","XYZ",911,"Luiz Tavares",2,100,0
561,"NED","RIJ",1187,"Ronan van Zandbeek",2,100,0
561,"ESP","KTS",112,"David De La Fuente",1,100,0
561,"FIN","XYZ",1159,"Matti Helminen",1,100,0
561,"FIN","XYZ",2299,"Jarkko Niemi",1,100,0
561,"JPN","CSS",2298,"Ryota Nishizono",1,100,0
561,"ITA","XYZ",597,"Francesco Ginanni",2,90,0
561,"ITA","CAN",158,"Fabio Sabatini",2,90,0
561,"FRA","FDJ",109,"Sandy Casar",2,85,0
561,"ESP","TNE",1263,"David De La Cruz",2,80,0
561,"FRA","FDJ",114,"Mickael Delage",2,80,0
561,"SLO","XYZ",2253,"Matej Gnezda",2,80,0
561,"FRA","BSE",2264,"Benoit Jarrier",2,80,0
561,"SLO","EUS",672,"Jure Kocjan",2,80,0
561,"FRA","XYZ",801,"Mathieu Perget",2,80,0
561,"ESP","CJR",805,"Antonio Piedra",1,80,0
561,"ESP","EUS",324,"Ruben Perez",2,75,0
561,"GER","EUS",354,"André Schulze",1,75,0
561,"DEN","TST",1335,"Christopher Juul Jensen",2,70,0
561,"BEL","TSV",771,"Stijn Neirynck",2,70,0
561,"BEL","AJW",871,"Staf Scheirlinckx",2,70,0
561,"ITA","PPO",2320,"Fortunato Baliani",1,70,0
561,"FRA","FDJ",723,"Laurent Mangèl",1,70,0
561,"FRA","XYZ",446,"Laszio Bodrogi",1,65,0
561,"BEL","IAM",254,"Kristof Goddaert",1,65,0
561,"NED","BLA",685,"Steven Kruijswijk",8,60,0
561,"ITA","VIN",558,"Francesco Failli",1,60,0
561,"FRA","SOJ",580,"Jérémie Galland",1,60,0
561,"ITA","AST",260,"Jacopo Guarnieri",1,60,0
561,"USA","UHC",1232,"Christopher Jones",1,60,0
561,"POL","CCC",1312,"Adrian Kurek",1,60,0
561,"USA","UHC",767,"John Murphy",1,60,0
561,"ITA","LAM",329,"Daniele Pietropolli",1,60,0
561,"GBR","BMC",443,"Adam Blythe",1,55,0
561,"RUS","RVL",877,"Alexander Serov",1,52,0
561,"BEL","CRE",177,"Frédéric Amorison",1,50,0
561,"RUS","LOK",2269,"Mikhail Antonov",1,50,0
561,"USA","OPT",2293,"Alex Candelario",1,50,0
561,"FRA","SOJ",118,"Brice Feillu",1,50,0
561,"NED","RIJ",2355,"Dylan Groenewegen",1,50,0
561,"BEL","CRE",630,"Kurt Hovelynck",1,50,0
561,"GBR","TNE",2263,"Jonathan McEvoy",1,50,0
561,"ITA","VIN",1337,"Cristiano Monguzzi",1,50,0
561,"POR","TST",319,"Sergio Paulinho",1,50,0
561,"AUS","BLA",1183,"David Tanner",1,50,0
561,"ESP","ACG",918,"Jose Vicente Toribio",1,50,0
561,"RUS","RIJ",370,"Nikolai Trussov",1,50,0
561,"GBR","OPQ",1319,"Andrew Fenn",2,40,0
561,"ARG","XYZ",2294,"Jose Antogna",1,40,0
561,"ITA","XYZ",409,"Alfredo Balloni",1,40,0
561,"POL","BGZ",445,"Lukasz Bodnar",1,40,0
561,"FRA","EUC",206,"Sébastien Chavanel",1,40,0
561,"FRA","ALM",1410,"Sylvain Georges",1,40,0
561,"PAN","CJR",2239,"Yelko Gomez",1,40,0
561,"ESP","MOV",617,"Jose Ivan Gutierrez",1,40,0
561,"AUT","KAT",1382,"Marko Haller",1,40,0
561,"FRA","SOJ",84,"David Le Lay",1,40,0
561,"ESP","XYZ",351,"Julian Sanchez",1,40,0
561,"LTU","SOJ",2318,"Evaldas Siskevicius",1,40,0
561,"BEL","TSV",1413,"Tom Van Asbroeck",1,40,0
561,"NED","AJW",1045,"Stefan van Dijk",2,30,0
561,"COL","EPM",1281,"Giovanny Baez",1,30,0
561,"FRA","ALM",428,"Julien Berard",1,30,0
561,"AUS","ARG",1162,"William Clarke",1,30,0
561,"BEL","LTB",215,"Francis De Greef",1,30,0
561,"ESP","MOV",554,"Imanol Erviti",1,30,0
561,"GER","UHC",568,"Robert Förster",1,30,0
561,"BEL","VIN",635,"Kevin Hulsmans",1,30,0
561,"NED","RB3",2313,"Daan Olivier",1,30,0
561,"COL","COL",1096,"Dalivier Ospina",1,30,0
561,"ESP","ACG",1051,"Adrian Palomares",1,30,0
561,"POR","TST",1160,"Bruno Pires",1,30,0
561,"FRA","ALM",831,"Anthony Ravard",1,30,0
561,"GER","CWO",1268,"Stefan Schumacher",1,30,0
561,"BEL","LTB",2237,"Tosh Van der Sande",1,30,0
561,"AUS","OGE",210,"Baden Cooke",1,25,0
561,"ESP","XYZ",120,"Aitor Galdos",1,25,0
561,"RUS","XYZ",579,"Denis Galimzyanov",1,25,0
561,"USA","UHC",1235,"Jake Keough",1,25,0
561,"NED","VCD",854,"Rob Ruijgh",2,20,0
561,"ESP","ACG",1360,"Javier Chacon",1,20,0
561,"ESP","CJR",583,"Marcos Garcia",1,20,0
561,"AUS","XYZ",1311,"Aaron Kemps",1,20,0
561,"NED","TST",65,"Karsten Kroon",1,20,0
561,"FRA","RLM",2277,"Kevin Lalouette",1,20,0
561,"BEL","SUN",2289,"Kevin Pauwels",1,20,0
561,"RUS","AST",883,"Egor Silin",1,20,0
561,"ESP","CJR",944,"Ivan Velasco",1,20,0
561,"ITA","XYZ",1352,"Gianfranco Visconti",1,20,0
561,"BEL","COF",971,"Romain Zingle",1,20,0
561,"KAZ","AST",766,"Dmitriy Muravyev",1,18,0
561,"AUS","STG",842,"Luke Roberts",1,18,0
561,"BEL","OPQ",320,"Serge Pauwels",1,17,0
561,"BEL","GRS",343,"Sébastien Rosseler",2,16,0
561,"USA","SKY",2315,"Ian Boswell",2,15,0
561,"ITA","ARH",456,"Giorgio Brambilla",1,15,0
561,"BEL","AJW",500,"Davy Commeyne",1,15,0
561,"NED","RIJ",2337,"Huub Duyn",1,15,0
561,"BEL","TSV",1338,"Eliot Lietaer",1,15,0
561,"JPN","TST",1012,"Takashi Miyazawa",1,15,0
561,"CZE","OPQ",151,"Frantisek Rabon",1,15,0
561,"NED","CSS",920,"Bobbie Traksel",1,15,0
561,"ITA","LAM",2324,"Luca Wackermann",1,15,0
561,"BEL","BMC",1075,"Yannick Eijssen",1,12,0
561,"RUS","KAT",678,"Dmitriy Kozontchuk",1,12,0
561,"ESP","XYZ",187,"David Blanco",1,10,0
561,"ITA","BAR",1379,"Marco Canola",1,10,0
561,"FRA","XYZ",110,"Jimmy Casper",1,10,0
561,"ITA","XYZ",2295,"Luca Damiani",1,10,0
561,"GBR","TNE",543,"Russell Downing",1,10,0
561,"FRA","BIG",2322,"Guillaume Faucon",1,10,0
561,"ESP","GRS",119,"Koldo Fernandez",1,10,0
561,"ARG","CAN",619,"Lucas Haedo",1,10,0
561,"SLO","TNE",1284,"Blaz Jarc",1,10,0
561,"KAZ","AST",1043,"Andrey Kashechkin",1,10,0
561,"FRA","BSE",2260,"Clément Koretzky",1,10,0
561,"ESP","MOV",280,"Pablo Lastras",1,10,0
561,"BEL","BMC",702,"Klaas Lodewyck",1,10,0
561,"ESP","XYZ",316,"Francisco Pacheco",1,10,0
561,"ARG","BSE",2316,"Eduardo Sepulveda",1,10,0
561,"RUS","LOK",2262,"Sergey Shilov",1,10,0
561,"BEL","LTB",2358,"Tim Wellens",1,10,0
561,"ESP","BLA",248,"Juan Manuel Garate",1,7,0
561,"RUS","TST",326,"Evgeni Petrov",1,7,0
561,"NED","BLA",937,"Dennis van Winden",1,7,0
561,"BEL","OPQ",161,"Gert Steegmans",1,5,0
561,"USA","BMC",451,"Brent Bookwalter",1,4,0
561,"UKR","XYZ",613,"Volodymir Gustov",1,4,0
561,"DEN","TST",653,"Jonas Aaen Jørgensen",1,4,0
561,"FRA","BMC",300,"Amaël Moinard",1,4,0
561,"FRA","ARG",363,"Mathieu Sprick",1,4,0
561,"NED","ARG",914,"Albert Timmer",1,4,0
561,"ITA","XYZ",1129,"Paolo Locatelli",1,2,0
561,"ITA","UNA",1128,"Omar Lombardi",1,2,0
561,"RUS","TIK",2346,"Maxim Pokidov",1,2,0
561,"RUS","RVL",2345,"Alexander Rybakov",1,2,0
561,"RUS","RVL",2344,"Andrey Solomennikov",1,2,0
561,"SVK","OPQ",945,"Martin Velits",1,2,0
561,"USA","OPT",2350,"Michael Creed",1,1,0
561,"USA","OPT",2349,"Michael Friedman",1,1,0
561,"USA","XYZ",2348,"Jonathan Mumford",1,1,0
561,"BEL","GRS",52,"Nick Nuyens",6,0,0
561,"AUS","BLA",444,"Jack Bobridge",4,0,0
561,"NED","BLA",2655,"Marc Goos",2,0,0
561,"ITA","CAN",1407,"Stefano Agostini",1,0,0
561,"ESP","ACG",1368,"Jose Aguilar",1,0,0
561,"SWE","ARG",2646,"Jonas Ahlstrand",1,0,0
561,"ITA","XYZ",1146,"Tomas Alberio",1,0,0
561,"COL","LAM",1318,"Winner Anacona",1,0,0
561,"VEN","AND",2723,"Sebastian Giannini Anaya",1,0,0
561,"AUS","BFL",2634,"Jack Anderson",1,0,0
561,"BRA","VIN",1394,"Rafael Andriato",1,0,0
561,"USA","OPT",1299,"Jesse Anthony",1,0,0
561,"FRA","LPM",1369,"Julien Antomarchi",1,0,0
561,"ESP","CJR",399,"Francisco Aramendia",1,0,0
561,"COL","COL",2627,"Juan Arango",1,0,0
561,"COL","XYZ",400,"Mauricio Ardila",1,0,0
561,"SUI","IAM",2662,"Marcel Aregger",1,0,0
561,"RUS","LOK",1151,"Arkimedes Arguelyes",1,0,0
561,"BEL","TSV",401,"Sander Armee",1,0,0
561,"ITA","XYZ",403,"Luca Ascani",1,0,0
561,"IRI","TPT",980,"Hossein Askari",1,0,0
561,"RSA","XYZ",404,"John-Lee Augustyn",1,0,0
561,"NZL","CSS",2232,"Clinton Avery",1,0,0
561,"COL","COL",2638,"Edwin Avila",1,0,0
561,"ESP","EUS",405,"Jorge Azanza",1,0,0
561,"BEL","CRE",1418,"Vincent Baestaens",1,0,0
561,"ITA","XYZ",407,"Paolo Bailetti",1,0,0
561,"SUI","XYZ",1069,"Michael Bär",1,0,0
561,"BEL","CRE",413,"Koen Barbe",1,0,0
561,"ITA","XYZ",1060,"Luca Barla",1,0,0
561,"FRA","COF",1123,"Florent Barle",1,0,0
561,"USA","XYZ",414,"Chris Barton",1,0,0
561,"POL","BGZ",415,"Dariusz Batek",1,0,0
561,"BEL","TWJ",417,"Jerome Baugnies",1,0,0
561,"GER","XYZ",183,"Eric Baumann",1,0,0
561,"NED","LTB",419,"Dirk Bellemakers",1,0,0
561,"GBR","XYZ",421,"Jonathan Bellis",1,0,0
561,"ITA","XYZ",422,"Francesco Bellotti",1,0,0
561,"ITA","XYZ",424,"Cristian Benenati",1,0,0
561,"AUT","WSA",425,"Josef Benetseder",1,0,0
561,"JPN","OGE",427,"Fumiyuki Beppu",1,0,0
561,"MDA","XYZ",429,"Oleg Berdos",1,0,0
561,"FRA","EUC",430,"Giovanni Bernaudeau",1,0,0
561,"ITA","XYZ",104,"Leonardo Bertagnolli",1,0,0
561,"FRA","RAL",432,"Eric Berthou",1,0,0
561,"ITA","XYZ",186,"Alessandro Bertolini",1,0,0
561,"ITA","XYZ",434,"Thomas Bertolini",1,0,0
561,"FRA","COF",2691,"Jeremy Bescond",1,0,0
561,"FRA","COF",436,"Cyril Bessy",1,0,0
561,"NZL","OGE",438,"Sam Bewley",1,0,0
561,"USA","CSS",439,"Chad Beyer",1,0,0
561,"FRA","BSE",1083,"Jean-Marc Bideau",1,0,0
561,"ESP","EUS",1310,"Pello Bilbao",1,0,0
561,"BEL","LTB",1348,"Gaëtan Bille",1,0,0
561,"ITA","XYZ",441,"Alessandro Bisolti",1,0,0
561,"FRA","XYZ",442,"Guillaume Blot",1,0,0
561,"ITA","BAR",1392,"Nicola Boem",1,0,0
561,"RUS","RVL",2636,"Igor Boev",1,0,0
561,"SUI","XYZ",1367,"Joris Boillat",1,0,0
561,"CAN","AMO",1193,"David Boily",1,0,0
561,"NED","BLA",1273,"Jetse Bol",1,0,0
561,"ITA","XYZ",2710,"Niccolo Bonifazio",1,0,0
561,"FRA","NSP",1188,"Thomas Bonnin",1,0,0
561,"ITA","LAM",450,"Matteo Bono",1,0,0
561,"ITA","VIN",452,"Stefano Borchi",1,0,0
561,"ITA","UNA",1347,"Gabriele Bosisio",1,0,0
561,"FRA","EUC",454,"Franck Bouyer",1,0,0
561,"USA","XYZ",1215,"Alex Bowden",1,0,0
561,"BEL","CRE",1158,"Jonathan Breyne",1,0,0
561,"POR","EFG",1355,"Hernani Broco",1,0,0
561,"AUS","BLA",75,"Graeme Brown",1,0,0
561,"BEL","CRE",1363,"Joeri Bueken",1,0,0
561,"NED","LTB",1331,"Brian Bulgac",1,0,0
561,"BRA","XYZ",1142,"Otavio Bulgarelli",1,0,0
561,"ITA","XYZ",459,"Matteo Busato",1,0,0
561,"USA","CSS",1334,"Christopher Butler",1,0,0
561,"UKR","KLS",461,"Vitaliy Buts",1,0,0
561,"ESP","ACG",462,"Antonio Cabello",1,0,0
561,"ITA","XYZ",463,"Diego Caccia",1,0,0
561,"AUS","TNN",1218,"Fabio Calabria",1,0,0
561,"COL","COL",2696,"Julio Alexis Camacho",1,0,0
561,"ESP","TNE",1309,"Iker Camaño",1,0,0
561,"BEL","COF",1155,"Edwig Cammaerts",1,0,0
561,"COL","GOB",1093,"Alex Cano",1,0,0
561,"ESP","ACG",1053,"Jose Luis Cano",1,0,0
561,"ITA","CAN",471,"Federico Canuti",1,0,0
561,"BEL","AJW",1169,"Andy Cappelle",1,0,0
561,"COL","XYZ",197,"Felix Cardenas",1,0,0
561,"ESP","ACG",476,"Sergio Carrasco",1,0,0
561,"ESP","XYZ",200,"Jose Antonio Carrasco",1,0,0
561,"PAN","VIN",2667,"Ramon Carretero",1,0,0
561,"FRA","XYZ",482,"Pierre Cazaux",1,0,0
561,"ESP","RTS",483,"Felix Celis",1,0,0
561,"ESP","ACG",202,"Gustavo Cesar",1,0,0
561,"NED","KOG",485,"Robin Chaigneau",1,0,0
561,"COL","COL",1106,"Robinson Chalapud",1,0,0
561,"COL","4CO",2729,"Juan Ernesto Chamorro Chitan",1,0,0
561,"FRA","XYZ",204,"Dimitri Champion",1,0,0
561,"MAR","EUS",2621,"Tarik Chaoufi",1,0,0
561,"FRA","EUC",205,"Anthony Charteau",1,0,0
561,"POL","CCC",1091,"Pawel Charucki",1,0,0
561,"TUN","XYZ",489,"Rafaa Chtioui",1,0,0
561,"ITA","XYZ",490,"Paolo Ciavatta",1,0,0
561,"MDA","TCT",1040,"Sergiu Cioban",1,0,0
561,"BEL","XYZ",1066,"Dimitri Claeys",1,0,0
561,"BEL","CRE",1373,"Kevin Claeys",1,0,0
561,"IRL","TNN",2712,"Stephan Clancy",1,0,0
561,"AUS","UHC",1234,"Hilton Clarke",1,0,0
561,"AUS","UHC",1236,"Jonathan Clarke",1,0,0
561,"ITA","XYZ",496,"Massimo Codol",1,0,0
561,"BEL","CCD",497,"Johan Coenen",1,0,0
561,"NED","CRE",1406,"Stefan Cohnen",1,0,0
561,"ITA","BAR",1380,"Marco Coledan",1,0,0
561,"ITA","XYZ",501,"Alberto Contoli",1,0,0
561,"FRA","BSE",2711,"Erwann Corbel",1,0,0
561,"BEL","LTB",1403,"Sander Cordeel",1,0,0
561,"ITA","XYZ",502,"Claudio Corioni",1,0,0
561,"BEL","TSV",212,"Dominique Cornu",1,0,0
561,"ITA","COL",504,"Marco Corti",1,0,0
561,"FRA","FDJ",1256,"Arnaud Courteille",1,0,0
561,"FRA","EUC",505,"Jérôme Cousin",1,0,0
561,"ITA","TNN",2715,"Paolo Cravanzola",1,0,0
561,"FRA","XYZ",2238,"Gaylord Cumont",1,0,0
561,"ITA","CAN",516,"Mauro Da Dalto",1,0,0
561,"FRA","XYZ",1280,"Benoît Daeninck",1,0,0
561,"FRA","SOJ",2695,"Maxime Daniel",1,0,0
561,"AUS","UHC",1326,"Ben Day",1,0,0
561,"BEL","TSV",2699,"Jasper De Buyst",1,0,0
561,"ITA","BAR",2651,"Donato De Ieso",1,0,0
561,"BEL","TSV",1374,"Kevin De Jonghe",1,0,0
561,"BEL","TSV",521,"Kenny De Ketele",1,0,0
561,"ESP","SPT",1121,"Victor De La Parte",1,0,0
561,"ITA","XYZ",1195,"Flavio De Luna Davila",1,0,0
561,"BEL","TNN",2707,"Kevin de Mesmaeker",1,0,0
561,"ITA","VIN",524,"Roberto De Patre",1,0,0
561,"BEL","AJW",2704,"Tim De Troyer",1,0,0
561,"BEL","CMD",1251,"Sjef De Wilde",1,0,0
561,"ERI","MTN",2635,"Freqalsi Debesay",1,0,0
561,"BEL","TSV",1411,"Tim Declercq",1,0,0
561,"BEL","AJW",1253,"Thomas Degand",1,0,0
561,"ESP","XYZ",220,"Jesus Del Nero",1,0,0
561,"ITA","BAR",1336,"Cristian delle Stelle",1,0,0
561,"FRA","BSE",1082,"Jean-Luc Delpech",1,0,0
561,"AUS","TNE",1306,"Zakkari Dempster",1,0,0
561,"BEL","CRE",1354,"Gilles Devillers",1,0,0
561,"FRA","XYZ",224,"Rémi Di Gregorio",1,0,0
561,"ITA","XYZ",532,"Francesco Di Paolo",1,0,0
561,"ITA","AND",2626,"Matteo di Serafino",1,0,0
561,"FRA","BSE",1078,"Renaud Dion",1,0,0
561,"BEL","LTB",538,"Gert Dockx",1,0,0
561,"FRA","ALM",2674,"Axel Domont",1,0,0
561,"ITA","XYZ",541,"Alessandro Donati",1,0,0
561,"FRA","BIG",545,"Mathieu Drujon",1,0,0
561,"USA","XYZ",1227,"William Dugan",1,0,0
561,"ESP","EFG",546,"Arkaitz Duran",1,0,0
561,"FRA","BSE",231,"Sébastian Duret",1,0,0
561,"GBR","SKY",2689,"Josh Edmondson",1,0,0
561,"BEL","SKT",233,"Niko Eeckhout",1,0,0
561,"RUS","XYZ",549,"Alexander Efimkin",1,0,0
561,"GER","TNE",551,"Markus Eichler",1,0,0
561,"USA","TNN",1221,"Joe Eldridge",1,0,0
561,"ITA","AND",236,"Giairo Ermeti",1,0,0
561,"RUS","RVL",1324,"Artur Ershov",1,0,0
561,"RUS","XYZ",555,"Nikita Eskov",1,0,0
561,"ITA","AND",2633,"Patrick Facchini",1,0,0
561,"USA","GRS",1046,"Caleb Fairly",1,0,0
561,"ITA","XYZ",2230,"Stiven Fanelli",1,0,0
561,"ITA","CEF",1134,"Matteo Fedi",1,0,0
561,"CHN","XYZ",563,"Han Feng",1,0,0
561,"ESP","CJR",2685,"Ruben Fernandez",1,0,0
561,"ESP","OFM",564,"Delio Fernandez",1,0,0
561,"ESP","XYZ",1116,"Higinio Fernandez",1,0,0
561,"URU","CJR",1113,"Fabricio Ferrari",1,0,0
561,"BRA","FDJ",566,"Murilo Antonio Fischer",1,0,0
561,"COL","XYZ",1104,"Juan Pablo Forrero",1,0,0
561,"ITA","BAR",1343,"Filippo Fortin",1,0,0
561,"GER","NSP",243,"Markus Fothen",1,0,0
561,"FRA","COF",570,"Julien Fouchard",1,0,0
561,"ESP","CJR",2700,"Omar Fraile",1,0,0
561,"ITA","UHC",1233,"Davide Frattini",1,0,0
561,"SUI","XYZ",574,"Thomas Frei",1,0,0
561,"GER","ARG",244,"Johannes Fröhlinger",1,0,0
561,"SUI","IAM",2642,"Jonathan Fumeaux",1,0,0
561,"ITA","CWO",246,"Angelo Furlan",1,0,0
561,"ESP","EUS",1279,"Ricardo Garcia",1,0,0
561,"BEL","DOL",585,"Gorik Gardeyn",1,0,0
561,"SLO","CSS",1008,"Gregor Gazvoda",1,0,0
561,"FRA","EUC",590,"Yohann Gène",1,0,0
561,"SUI","XYZ",596,"Noé Gianetti",1,0,0
561,"VEN","AND",1014,"Tomas Gil",1,0,0
561,"BEL","AJW",2708,"Jerome Gilbert",1,0,0
561,"CAN","XYZ",1202,"Martin Gilbert",1,0,0
561,"ITA","VIN",598,"Leonardo Giordani",1,0,0
561,"ITA","UNA",599,"Edoardo Girardi",1,0,0
561,"FRA","LPM",600,"Benjamin Giraud",1,0,0
561,"VEN","AND",2724,"Yonder Godoy",1,0,0
561,"COL","XYZ",1361,"Javier Gonzalez",1,0,0
561,"GER","TSP",256,"Alexander Gottfried",1,0,0
561,"BEL","XYZ",606,"Benjamin Gourgue",1,0,0
561,"COL","XYZ",2243,"Cesar Grajales",1,0,0
561,"ITA","LAM",1140,"Massimo Graziato",1,0,0
561,"FRA","BSE",1079,"Florian Guillou",1,0,0
561,"DEN","CWO",612,"Rasmus Guldhammer",1,0,0
561,"ESP","OND",615,"David Gutierrez G.",1,0,0
561,"BEL","AJW",1246,"Gregory Habeaux",1,0,0
561,"FRA","XYZ",618,"Said Haddou",1,0,0
561,"FRA","XYZ",1086,"Matthieu Halleguen",1,0,0
561,"NED","RIJ",1301,"Yoeri Havik",1,0,0
561,"USA","UHC",1228,"Adrian Hegyvari",1,0,0
561,"BEL","TSV",2679,"Sander Helven",1,0,0
561,"FIN","TNN",2669,"Joonas Henttala",1,0,0
561,"BEL","MET",1285,"Dries Hollanders",1,0,0
561,"SUI","IAM",623,"Reto Hollenstein",1,0,0
561,"POL","CCC",626,"Adrian Honkisz",1,0,0
561,"ESP","MGT",627,"Joan Horrach",1,0,0
561,"FRA","XYZ",628,"Steve Houanard",1,0,0
561,"CAN","ALM",1197,"Hugo Houle",1,0,0
561,"USA","XYZ",629,"Cole House",1,0,0
561,"AUT","VBG",633,"Dominik Hrinkow",1,0,0
561,"CZE","WHI",1293,"Jiri Hudecek",1,0,0
561,"USA","AST",2698,"Evan Huffman",1,0,0
561,"FRA","ARG",634,"Yann Huguet",1,0,0
561,"FRA","EUC",1137,"Tony Hurel",1,0,0
561,"KAZ","ALM",637,"Valentin Iglinskiy",1,0,0
561,"IRL","UHC",2726,"Martyn Irvine",1,0,0
561,"BEL","IAM",134,"Kevyn Ista",1,0,0
561,"KOR","CSS",2632,"Chan Jae Jang",1,0,0
561,"POL","BGZ",644,"Blazej Janiaczyk",1,0,0
561,"POL","CCC",645,"Sylwester Janiszewski",1,0,0
561,"GER","TSP",1283,"Grischa Janorschke",1,0,0
561,"USA","5HR",1238,"Max Jenkins",1,0,0
561,"CHN","ARG",650,"Cheng Ji",1,0,0
561,"CHN","CSS",1370,"Jun Kiang",1,0,0
561,"CHN","CSS",1393,"Pengda Jiao",1,0,0
561,"BEL","CMD",1212,"Sven Jodts",1,0,0
561,"FRA","LPM",1277,"Justin Jules",1,0,0
561,"LTU","CRE",1156,"Egidijus Juodvalkis",1,0,0
561,"BEL","LTB",659,"Olivier Kaisen",1,0,0
561,"KAZ","AST",2663,"Arman Kamyshev",1,0,0
561,"RUS","MOV",135,"Vladimir Karpets",1,0,0
561,"RUS","RVL",1416,"Valery Kaykov",1,0,0
561,"NED","VCD",1241,"Martijn Keizer",1,0,0
561,"AUS","XYZ",1243,"David Kemp",1,0,0
561,"USA","UHC",2701,"Luke Keough",1,0,0
561,"FRA","EUC",275,"Christophe Kern",1,0,0
561,"GER","ALM",2648,"Julian Kern",1,0,0
561,"RUS","XYZ",1314,"Alexander Khatuntsev",1,0,0
561,"POL","CCC",663,"Tomasz Kiendys",1,0,0
561,"USA","RLT",1177,"Benjamin King",1,0,0
561,"USA","CAN",664,"Ted King",1,0,0
561,"GER","IAM",667,"Dominic Klemme",1,0,0
561,"GER","GRS",82,"Andreas Klier",1,0,0
561,"RUS","RVL",668,"Serguei Klimov",1,0,0
561,"DEN","VPC",669,"Kasper Klostergaard",1,0,0
561,"UKR","KLS",1226,"Valery Kobzarenko",1,0,0
561,"RUS","RVL",2622,"Pavel Kochetkov",1,0,0
561,"UKR","XYZ",675,"Vitaly Kondrut",1,0,0
561,"RUS","RVL",1341,"Evgeniy Kovalev",1,0,0
561,"RUS","RVL",1356,"Ivan Kovalev",1,0,0
561,"RUS","RVL",1376,"Leonid Krasnov",1,0,0
561,"FRA","XYZ",684,"Yuriy Krivtsov",1,0,0
561,"AUT","CAN",2625,"Matthias Krizek",1,0,0
561,"UKR","ISD",686,"Dmytro Kryvtsov",1,0,0
561,"SUI","XYZ",1398,"Raymond Künzli",1,0,0
561,"HUN","UNA",1003,"Peter Kusztor",1,0,0
561,"RUS","KAT",2630,"Vyacheslav Kuznetsov",1,0,0
561,"UKR","XYZ",690,"Oleksandr Kvachuk",1,0,0
561,"FRA","COF",1264,"Arnaud Labbe",1,0,0
561,"FRA","SOJ",1180,"Christophe Laborie",1,0,0
561,"ITA","XYZ",692,"Sergio Lagana",1,0,0
561,"MAR","XYZ",1030,"Mouhssine Lahsaini",1,0,0
561,"CAN","GQC",1205,"Simon Lambert-Lamay",1,0,0
561,"FRA","EUC",2641,"Morgan Lamoisson",1,0,0
561,"BEL","TSV",2706,"Yves Lampaert",1,0,0
561,"ESP","XYZ",1115,"Guillermo Lana",1,0,0
561,"DEN","BMC",2654,"Sebastian Lander",1,0,0
561,"SUI","IAM",2722,"Pirmin Lang",1,0,0
561,"CAN","GQC",1192,"Bruno Langlois",1,0,0
561,"COL","COD",995,"Luis Laverde",1,0,0
561,"FRA","BSE",2694,"Benjamin Le Montagner",1,0,0
561,"ESP","ACG",695,"Pablo Lechuga",1,0,0
561,"FRA","BSE",282,"Geoffroy Lequatre",1,0,0
561,"USA","CSS",283,"Craig Lewis",1,0,0
561,"SWE","UNB",1288,"Philip Lindau",1,0,0
561,"CHN","CSS",1328,"Biao Liu",1,0,0
561,"SWE","XYZ",699,"Jonas Ljungblad",1,0,0
561,"AUS","LAM",285,"Matthew Lloyd",1,0,0
561,"ITA","CAN",703,"Paolo Longo Borghini",1,0,0
561,"USA","UHC",709,"Jeff Louder",1,0,0
561,"COL","TNN",2709,"David Lozano",1,0,0
561,"DEN","TST",713,"Anders Lund",1,0,0
561,"KAZ","AST",2683,"Alexey Lutsenko",1,0,0
561,"NED","GRS",85,"Martijn Maaskant",1,0,0
561,"ITA","XYZ",1133,"Gianluca Maggiore",1,0,0
561,"RUS","RVL",2661,"Roman Maikin",1,0,0
561,"FRA","BSE",1081,"Gael Malacarne",1,0,0
561,"ITA","AND",2629,"Alessandro Malaguti",1,0,0
561,"RUS","RVL",2728,"Viktor Manakov",1,0,0
561,"MAS","BCP",976,"Anuar Manan",1,0,0
561,"ITA","XYZ",721,"Salvatore Mancuso",1,0,0
561,"ITA","CAN",724,"Alan Marangoni",1,0,0
561,"COL","COL",1419,"Wilson Marentes",1,0,0
561,"ISR","XYZ",1396,"Ran Margaliot",1,0,0
561,"FRA","SOJ",727,"Jean-Marc Marino",1,0,0
561,"FRA","SOJ",730,"Rony Martias",1,0,0
561,"ESP","XYZ",1119,"Ruben Martinez",1,0,0
561,"COL","XYZ",1095,"Carlos Martinez",1,0,0
561,"COL","COL",1102,"John Martinez",1,0,0
561,"POL","CCC",731,"Jaroslaw Marycz",1,0,0
561,"ITA","XYZ",732,"Ruggero Marzoli",1,0,0
561,"ITA","XYZ",733,"Andrea Masciarelli",1,0,0
561,"ITA","XYZ",145,"Francesco Masciarelli",1,0,0
561,"ITA","XYZ",734,"Simone Masciarelli",1,0,0
561,"JPN","CAN",2615,"Nariyuki Masuda",1,0,0
561,"FRA","XYZ",738,"Romain Matheou",1,0,0
561,"GER","TNE",2628,"Ralf Matzka",1,0,0
561,"ITA","VIN",295,"Luca Mazzanti",1,0,0
561,"IRL","BCP",296,"David McCann",1,0,0
561,"AUS","TST",2681,"Jay McCarthy",1,0,0
561,"USA","BPC",297,"Jason McCartney",1,0,0
561,"USA","BPC",1198,"Pat McCarty",1,0,0
561,"ESP","TNN",1220,"Javier Megias",1,0,0
561,"RSA","MTN",2682,"Louis Meintjes",1,0,0
561,"POR","TNE",1090,"Jose Joao Mendes",1,0,0
561,"AUS","UHC",1237,"Karl Menzies",1,0,0
561,"ITA","VIN",745,"Michele Merlo",1,0,0
561,"BEL","TSV",746,"Tim Mertens",1,0,0
561,"POR","EUS",2613,"Ricardo Mestre",1,0,0
561,"UKR","KTS",1154,"Yuriy Metlushenko",1,0,0
561,"AUS","OGE",748,"Travis Meyer",1,0,0
561,"ESP","XYZ",1111,"Diego Milan",1,0,0
561,"ITA","VIN",2670,"Luigi Miletta",1,0,0
561,"ESP","EUS",750,"Miguel Minguez",1,0,0
561,"RUS","RVL",1149,"Alexander Mironov",1,0,0
561,"FRA","COF",1401,"Rudy Molard",1,0,0
561,"FRA","BGT",303,"Damien Monier",1,0,0
561,"GER","TRS",1287,"Florian Monreal",1,0,0
561,"VEN","VIN",1056,"Alejandro Monsalve",1,0,0
561,"ESP","XYZ",1110,"Arturo Mora",1,0,0
561,"POL","CCC",758,"Jacek Morajko",1,0,0
561,"ESP","CJR",1345,"Francisco Moreno",1,0,0
561,"AUS","TNN",2714,"Justin Morris",1,0,0
561,"DEN","VPC",762,"Martin Mortensen",1,0,0
561,"ESP","XYZ",67,"Ezequiel Mosquera",1,0,0
561,"GBR","TNE",2720,"no name",1,0,0
561,"ITA","XYZ",2618,"Umberto Nardecchia",1,0,0
561,"BRA","FUN",768,"Magno Nazaret",1,0,0
561,"KAZ","AS2",772,"Yevgeni Nepomnyachsniy",1,0,0
561,"BEL","LTB",774,"Maarten Neyens",1,0,0
561,"ESP","TST",779,"Benjamin Noval",1,0,0
561,"RUS","VCD",1295,"Nikita Novikov",1,0,0
561,"POL","CCC",2690,"Mateusz Nowak",1,0,0
561,"BEL","CRE",782,"Sven Nys",1,0,0
561,"VEN","AND",783,"Carlos Jose Ochoa",1,0,0
561,"EST","CSS",1383,"Mart Ojavee",1,0,0
561,"ESP","EUS",313,"Juan Jose Oroz",1,0,0
561,"COL","XYZ",1346,"Frank Osorio",1,0,0
561,"COL","MOV",2702,"Argiro Ospina",1,0,0
561,"ESP","ACG",1400,"Roman Osuna",1,0,0
561,"MAS","CSS",1390,"Muhamad Othman",1,0,0
561,"CHI","CCL",1048,"Carlos Oyarzun",1,0,0
561,"COL","XYZ",1098,"Hector Paez",1,0,0
561,"FRA","SOJ",1181,"Jean-Lou Paiani",1,0,0
561,"ESP","XYZ",317,"Luis Pasamontes",1,0,0
561,"USA","SKY",318,"Danny Pate",1,0,0
561,"FRA","SOJ",795,"Rémi Pauriol",1,0,0
561,"ITA","XYZ",321,"Marcello Pavarin",1,0,0
561,"DEN","CWO",322,"Martin Pedersen",1,0,0
561,"BEL","CRE",796,"Kevin Peeters",1,0,0
561,"ESP","XYZ",799,"Aitor Perez",1,0,0
561,"COL","XYZ",1099,"Wilmar Perez",1,0,0
561,"FRA","BSE",2639,"Pierre-Luc Perichon",1,0,0
561,"AUS","TNN",2716,"Aaron Perry",1,0,0
561,"USA","ARG",803,"Thomas Peterson",1,0,0
561,"FRA","FDJ",974,"Cédric Pineau",1,0,0
561,"ITA","XYZ",1130,"Fabio Piscopiello",1,0,0
561,"SVK","XYZ",1290,"Pavol Polievka",1,0,0
561,"POL","VIN",2668,"Pawel Poljanski",1,0,0
561,"RUS","RVL",2644,"Sergey Pomoshnikov",1,0,0
561,"LUX","XYZ",1292,"Christian Poos",1,0,0
561,"UKR","ISD",1007,"Vitaliy Popkov",1,0,0
561,"ITA","XYZ",332,"Morris Possoni",1,0,0
561,"FRA","SOJ",1182,"Paul Poux",1,0,0
561,"ITA","VIN",817,"Mattia Pozzo",1,0,0
561,"BEL","CRE",2653,"Christophe Premont",1,0,0
561,"ITA","VIN",1047,"Alessandro Proni",1,0,0
561,"ESP","XYZ",819,"Oscar Pujol",1,0,0
561,"FRA","EUC",821,"Perrig Quemeneur",1,0,0
561,"COL","COL",2686,"Duber Quintero",1,0,0
561,"COL","COL",1332,"Carlos Quintero",1,0,0
561,"NED","TSI",2242,"Thomas Rabou",1,0,0
561,"GER","EUS",2611,"Steffen Radochla",1,0,0
561,"BEL","TNN",2713,"Thomas Raeymaekers",1,0,0
561,"ISR","XYZ",1010,"Eyal Rahat",1,0,0
561,"ESP","ACG",825,"Javier Ramirez",1,0,0
561,"NOR","SKY",826,"Gabriel Rasch",1,0,0
561,"DEN","ZZZ",1269,"Michael Rasmussen",1,0,0
561,"POL","XYZ",1092,"Rafal Ratajczyk",1,0,0
561,"USA","GRS",1359,"Jacob Rathe",1,0,0
561,"ALG","MTN",2645,"Youcef Reguigui",1,0,0
561,"GER","MTN",152,"Martin Reimer",1,0,0
561,"KAZ","AS2",833,"Sergey Renev",1,0,0
561,"GER","TRS",1071,"Robert Retschke",1,0,0
561,"NED","RIJ",835,"Kai Reus",1,0,0
561,"ESP","LTB",836,"Vicente Reynes",1,0,0
561,"FRA","EUC",1136,"Kevin Reza",1,0,0
561,"POR","EFG",992,"Sergio Ribeiro",1,0,0
561,"ITA","XYZ",837,"Davide Ricci Bitti",1,0,0
561,"ITA","XYZ",44,"Riccardo Riccò",1,0,0
561,"ITA","UNA",1131,"Federico Rocchetti",1,0,0
561,"VEN","AND",844,"Jackson Rodriguez",1,0,0
561,"AUS","BMU",1076,"Timothy Roe",1,0,0
561,"ESP","ACG",848,"Jose Luis Roldan",1,0,0
561,"CAN","FDJ",341,"Dominique Rollin",1,0,0
561,"COL","COL",1362,"Jeffry Romero",1,0,0
561,"ESP","XYZ",1117,"Igor Romero",1,0,0
561,"ESP","ACG",850,"Jesus Rosendo",1,0,0
561,"ITA","XYZ",156,"Enrico Rossi",1,0,0
561,"USA","HSD",1364,"Joey Rosskopf",1,0,0
561,"CAN","AJW",1027,"Will Routley",1,0,0
561,"ESP","XYZ",345,"Jaume Rovira",1,0,0
561,"ESP","ACG",1052,"Eloy Ruiz",1,0,0
561,"USA","TNN",2717,"Branden Russell",1,0,0
561,"POL","CCC",350,"Marek Rutkiewicz",1,0,0
561,"RUS","XYZ",1109,"Alexander Ryabkin",1,0,0
561,"SVK","CAN",1261,"Juraj Sagan",1,0,0
561,"COL","4CO",1107,"Hugo Salazar",1,0,0
561,"BEL","TSV",1208,"Jarl Salomein",1,0,0
561,"JPN","VIN",2612,"Junya Sano",1,0,0
561,"ITA","CEF",1058,"Antonio Santoro",1,0,0
561,"POL","BDC",863,"Marcin Sapa",1,0,0
561,"ITA","CEF",868,"Filippo Savini",1,0,0
561,"RUS","RVL",1357,"Ivan Savitsky",1,0,0
561,"BEL","XYZ",352,"Bert Scheirlinckx",1,0,0
561,"SUI","IAM",2673,"Patrick Schelling",1,0,0
561,"GER","TNE",1062,"Andreas Schillinger",1,0,0
561,"USA","JBC",1239,"Morgan Schmitt",1,0,0
561,"GER","TNE",1070,"Michael Schwarzmann",1,0,0
561,"USA","OPT",875,"Bjorn Selander",1,0,0
561,"GER","XYZ",1072,"Timon Seubert",1,0,0
561,"ESP","EPM",879,"Oscar Sevilla",1,0,0
561,"RUS","XYZ",1216,"Alexey Shmidt",1,0,0
561,"RUS","LOK",1330,"Boris Shpilevski",1,0,0
561,"BEL","COF",882,"Nico Sijmens",1,0,0
561,"ESP","ACG",1366,"Jordi Simon",1,0,0
561,"POL","BGZ",885,"Tomasz Smolen",1,0,0
561,"ESP","SPT",359,"Joaquin Sobrino",1,0,0
561,"IRI","TPT",1025,"Mahdi Sohrabi",1,0,0
561,"BEL","TSV",2687,"Thomas Sprengers",1,0,0
561,"BEL","CRE",1157,"Joeri Stallaert",1,0,0
561,"NED","ARG",892,"Tom Stamsnijder",1,0,0
561,"UKR","AMO",1153,"Volodymyr Starchyk",1,0,0
561,"GER","MTN",895,"Andreas Stauff",1,0,0
561,"DEN","CUL",896,"André Steensen",1,0,0
561,"SWE","VPC",1005,"Michael Stevenson",1,0,0
561,"USA","XYZ",1225,"Scott Stewart",1,0,0
561,"ITA","LAM",900,"Simone Stortoni",1,0,0
561,"NED","KOG",902,"Wim Stroetinga",1,0,0
561,"COL","4CO",1094,"Camilo Suarez",1,0,0
561,"COL","COL",1278,"Juan Pablo Suarez",1,0,0
561,"AUS","OGE",904,"Wesley Sulzberger",1,0,0
561,"USA","UHC",2631,"Daniel Summerhill",1,0,0
561,"BEL","CRE",2617,"Klaas Sys",1,0,0
561,"HUN","XYZ",1259,"Balint Szeghalmi",1,0,0
561,"POL","CCC",907,"Mateusz Taciak",1,0,0
561,"FRA","SOJ",908,"Yannick Talabardon",1,0,0
561,"COL","XYZ",909,"Diego Tamayo",1,0,0
561,"NED","BLA",366,"Bram Tankink",1,0,0
561,"RUS","RVL",2693,"Gennadiy Tatarinov",1,0,0
561,"GBR","MGT",1305,"Andrew Tennant",1,0,0
561,"GER","EUC",1329,"Björn Thurau",1,0,0
561,"KAZ","AST",2623,"Rusian Tleubayev",1,0,0
561,"FRA","SOJ",1340,"Etienne Tortelier",1,0,0
561,"SLO","TIR",3277,"Jan Tratnik",1,0,0
561,"FRA","EUC",1320,"Angelo Tulik",1,0,0
561,"FRA","XYZ",371,"Ludovic Turpin",1,0,0
561,"VEN","LAM",2233,"Miguel Ubeto",1,0,0
561,"COL","COL",2624,"Juan Pablo Valencia",1,0,0
561,"ESP","VCD",925,"Rafael Valls",1,0,0
561,"RUS","XYZ",1415,"Valerey Valynin",1,0,0
561,"BEL","LTB",376,"Jurgen Van De Walle",1,0,0
561,"BEL","XYZ",1252,"Sven Van Den Houte",1,0,0
561,"NED","JBC",927,"Ricardo van der Velde",1,0,0
561,"BEL","AJW",930,"Jurgen Van Goolen",1,0,0
561,"NED","XYZ",931,"Arnoud van Groen",1,0,0
561,"BEL","TSV",932,"Preben Van Hecke",1,0,0
561,"BEL","TSV",1353,"Gijs Van Hoecke",1,0,0
561,"BEL","XYZ",167,"Kevin Van Impe",1,0,0
561,"NED","LTB",933,"Joost van Leijen",1,0,0
561,"BEL","AJW",1249,"Kevin Van Melsen",1,0,0
561,"BEL","TSV",1323,"Arthur Van Overberghe",1,0,0
561,"BEL","TSV",934,"Pieter Van Speybroeck",1,0,0
561,"BEL","SKT",936,"Steven Van Vooren",1,0,0
561,"RSA","MTN",2664,"Johan Van Zyl",1,0,0
561,"BEL","AJW",380,"James Vanlandschoot",1,0,0
561,"BEL","CRE",1409,"Sven Vanthourenhout",1,0,0
561,"NOR","BSE",1417,"Stake Vegard Laengen",1,0,0
561,"RSA","MTN",1247,"Jaco Venter",1,0,0
561,"BEL","XYZ",1245,"Evert Verbist",1,0,0
561,"NED","RIJ",1175,"Coen Vermeltfoort",1,0,0
561,"FRA","RLM",2241,"Franck Vermeulen",1,0,0
561,"ESP","OPQ",2718,"Carlos Verona Quintanilla",1,0,0
561,"BEL","AJW",2640,"Benjamin Verraes",1,0,0
561,"NED","TNN",1223,"Martijn Verschoor",1,0,0
561,"FRA","FDJ",2688,"Emilien Viennet",1,0,0
561,"ITA","LAM",170,"Davide Vigano",1,0,0
561,"COL","4CO",1103,"Juan Villegas",1,0,0
561,"CAN","XYZ",1333,"Charly Vives",1,0,0
561,"FRA","AJW",952,"Nicolas Vogondy",1,0,0
561,"ITA","XYZ",953,"Emanuele Vona",1,0,0
561,"FRA","SOJ",2725,"Alexis Vuillermoz",1,0,0
561,"BEL","TSV",1297,"Zico Waeytens",1,0,0
561,"AUS","DPC",957,"Johnnie Walker",1,0,0
561,"USA","BMC",2684,"Larry Warbasse",1,0,0
561,"GER","XYZ",959,"René Weissinger",1,0,0
561,"SWE","TNE",2255,"Alexander Wetterhall",1,0,0
561,"USA","UHC",1231,"Bradley White",1,0,0
561,"GBR","UKY",1307,"Ian Wilkinson",1,0,0
561,"BEL","LTB",173,"Frederik Willems",1,0,0
561,"AUS","TNN",2677,"Christopher Williams",1,0,0
561,"NOR","CWO",960,"Frederik Wilmann",1,0,0
561,"POL","BGZ",962,"Mariusz Witecki",1,0,0
561,"HKG","XYZ",1408,"Steven Wong",1,0,0
561,"HKG","CSS",1375,"Kin San Wu",1,0,0
561,"AUS","CAN",1260,"Cameron Wurf",1,0,0
561,"CHN","CSS",1349,"Gang Xu",1,0,0
561,"SUI","XYZ",966,"Simon Zahner",1,0,0
561,"ITA","UNA",1381,"Marco Zanotti",1,0,0
561,"IRI","IUA",982,"Amir Zargari",1,0,0
561,"KAZ","AST",968,"Andrey Zeits",1,0,0
561,"RUS","RVL",2727,"Nikolay Zhurkin",1,0,0
561,"POL","XYZ",970,"Kamil Zielinski",1,0,0
561,"RUS","TIK",1386,"Matvey Zubov",1,0,0
561,"USA","OPT",1240,"Scott Zwizanski",1,0,0
